{"cameraMode":{"drawMode":0,"name":"Shaded","section":"Shading Mode"},"sceneLighting":false,"audioPlay":false,"sceneViewState":{"m_AlwaysRefresh":false,"showFog":true,"showSkybox":false,"showFlares":true,"showImageEffects":true,"showParticleSystems":true,"showVisualEffectGraphs":true,"m_FxEnabled":true},"in2DMode":false,"pivot":{"x":-33.93080139160156,"y":0.9193782806396484,"z":0.035337239503860477},"rotation":{"x":-0.06470997631549835,"y":0.9247236847877502,"z":-0.18264205753803254,"w":-0.3276292085647583},"size":3.0866525173187258,"orthographic":false}